URL Entreprise;Nom Entreprise;Statut Traitement
https://www.linkedin.com/sales/company/31444235;31444235;Traite - Aucun profil trouve
https://www.linkedin.com/sales/company/89791063;89791063;Traite - Aucun profil trouve
https://www.linkedin.com/sales/company/45188555;45188555;Traite - Aucun profil trouve
https://www.linkedin.com/sales/company/748051;748051;Traite - Aucun profil trouve
https://www.linkedin.com/sales/company/54283964;54283964;Traite - Aucun profil trouve
https://www.linkedin.com/sales/company/107514642;107514642;Traite - Aucun profil trouve
https://www.linkedin.com/sales/company/109225177;109225177;Traite - Aucun profil trouve
https://www.linkedin.com/sales/company/14814455;14814455;Traite - Aucun profil trouve
https://www.linkedin.com/sales/company/111019484;111019484;Traite - Aucun profil trouve
https://www.linkedin.com/sales/company/18795665;18795665;Traite - Aucun profil trouve
